{"RUA EDUARDO DOTTO|Tubarão": [-12.832596, -38.480625], "RUA ALTO DAS PONTES|São Tomé de Paripe": [-12.82568, -38.483621], "RUA AILTON MELO|São Tomé de Paripe": [-12.821832, -38.472702], "RUA SANTA FILOMENA|São Tomé de Paripe": [-12.822168, -38.481893], "RUA ALTO DO TORORO|São Tomé de Paripe": [-12.815327, -38.484143], "TRAVESSA BELA VISTA|Tubarão": [-12.83503, -38.475436], "RUA DA JUREMA|São Tomé de Paripe": [-12.821211, -38.484575], "RUA NOVA BRASILIA|São Tomé de Paripe": [-12.825528, -38.481687], "RUA ENGENHEIRO DURVAL|São Tomé de Paripe": [-12.821113, -38.482448], "RUA SAO JOSE|São Tomé de Paripe": [-12.8192, -38.474998], "RUA COMUNIDADE BEIRA RIO|São Tomé de Paripe": [-12.819265, -38.480966], "RUA JURUNA|São Tomé de Paripe": [-12.820922, -38.480341], "TRAVESSA FLUMINENSE|São Tomé de Paripe": [-12.824012, -38.482299], "RUA LUIZ HAGE|São Tomé de Paripe": [-12.819551, -38.474893], "TRAVESSA EUGENIO BURGOS|São Tomé de Paripe": [-12.824428, -38.485367], "RUA EUGENIO BURGOS|São Tomé de Paripe": [-12.824428, -38.485367], "RUA DO CORREDOR|São Tomé de Paripe": [-12.81882, -38.483868], "RUA CORREDOR|São Tomé de Paripe": [-12.81882, -38.483868], "RUA MARCOS MEDRADO|São Tomé de Paripe": [-12.820002, -38.471677], "TRAVESSA BELA VISTA DE TUBARAO|Tubarão": [-12.83503, -38.475436], "RUA RAY CHARLES|Tubarão": [-12.835271, -38.473874], "TRAVESSA SANTA FILOMENA|São Tomé de Paripe": [-12.823562, -38.480632], "RUA NOVA VIDA|Tubarão": [-12.836878, -38.47339], "RUA ALTO BELA VISTA|São Tomé de Paripe": [-12.823558, -38.47916], "RESIDENCIAL ALTO BELA VISTA|São Tomé de Paripe": [-12.823558, -38.47916], "CONJUNTO RESIDENCIAL ALTO BELA VISTA|São Tomé de Paripe": [-12.823558, -38.47916], "RUA 21 DE ABRIL|Tubarão": [-12.838086, -38.468592], "RUA FILOMENA|São Tomé de Paripe": [-12.822168, -38.481893], "JARDIM SANTA FILOMENA|São Tomé de Paripe": [-12.823562, -38.480632], "RUA CHARLES BRONSON|Tubarão": [-12.836032, -38.472594], "RUA BENJAMIM DE SOUZA|São Tomé de Paripe": [-12.819348, -38.485995], "RUA PONTO DO SAPATEIRO|São Tomé de Paripe": [-12.818841, -38.466609], "RUA ADILSON FERREIRA|São Tomé de Paripe": [-12.820966, -38.474683], "RUA LILIAN MARILYS|São Tomé de Paripe": [-12.821556, -38.475015], "RUA FONTE DO CAPIM|São Tomé de Paripe": [-12.82445, -38.481971], "RESIDENCIAL VIVENDAS DO MAR|São Tomé de Paripe": [-12.823691, -38.478407], "RUA COSTA E SILVA|São Tomé de Paripe": [-12.819694, -38.483951], "ESTRADA BASE NAVAL DE ARATU|São Tomé de Paripe": [-12.806006, -38.490187], "TRAVESSA EDUARDO DOTTO|Tubarão": [-12.832596, -38.480625], "LARGO EDUARDO DOTTO|Tubarão": [-12.832596, -38.480625], "BECO EDUARDO DOTTO|Tubarão": [-12.832596, -38.480625], "RUA EDUARDO DOTTO MONTE SAGRADO|Tubarão": [-12.832596, -38.480625], "COMUNIDADE EDUARDO DOTTO|Tubarão": [-12.832596, -38.480625], "CONJUNTO HABITACIONAL EDUARDO DOTTO|Tubarão": [-12.832596, -38.480625], "TRAVESSA RAY CHARLES|Tubarão": [-12.835271, -38.473874], "2A TRAVESSA ALTO DAS PONTES|São Tomé de Paripe": [-12.82568, -38.483621], "2A TRAVESSA ALTO DO TORORO|São Tomé de Paripe": [-12.815327, -38.484143], "TRAVESSA ENGENHEIRO DURVAL|São Tomé de Paripe": [-12.821113, -38.482448], "1A TRAVESSA ENGENHEIRO DURVAL|São Tomé de Paripe": [-12.821113, -38.482448], "RUA DURVAL SANTOS|São Tomé de Paripe": [-12.821113, -38.482448], "TRAVESSA DURVAL SANTOS|São Tomé de Paripe": [-12.821113, -38.482448], "2A TRAVESSA SANTA FILOMENA|São Tomé de Paripe": [-12.823562, -38.480632], "TRAVESSA SANTA FILOMENA DE CIMA|São Tomé de Paripe": [-12.823562, -38.480632], "TRAVESSA DA JUREMA|São Tomé de Paripe": [-12.820922, -38.480341], "20A TRAVESSA AILTON MELO|São Tomé de Paripe": [-12.821832, -38.472702], "LOTEAMENTO AILTON MELO|São Tomé de Paripe": [-12.821832, -38.472702], "1A TRAVESSA CHARLES BRONSON|Tubarão": [-12.836032, -38.472594]}